name,tagline,description,url,youtubeUrl,category,pricing
"Bard","Your collaborative AI companion for creative and productive tasks","An AI chatbot from Google that can generate text, translate languages, write creative content, and answer questions in an informative way. It leverages Google's language models and information from the web.",https://bard.google.com/,https://www.youtube.com/watch?v=Ru3KmT7jEHo,Chatbots,Free
"Bing AI","AI-powered search assistant that helps you find answers and create content","Microsoft's AI-enhanced search engine that integrates ChatGPT capabilities to provide conversational search results, content generation, and creative assistance directly within the Bing search experience.",https://www.bing.com/new,https://www.youtube.com/watch?v=5BSmmSU-UZU,Chatbots;Search,Free
"Anthropic's Claude Pro","Advanced AI assistant built for safety and helpfulness with enterprise capabilities","A premium version of Claude that offers expanded capabilities for professionals, including longer context windows, priority access during high-traffic periods, and higher usage limits.",https://claude.ai/,https://www.youtube.com/watch?v=oOUlO8K-AY4,Chatbots;Text Generation,Paid
"Gemini","Google's most advanced multimodal AI system for complex reasoning tasks","Google's multi-modal AI model that can process and reason across text, images, video, audio, and code. It powers Google's AI applications and services with enhanced reasoning and understanding capabilities.",https://gemini.google.com/,https://www.youtube.com/watch?v=UIZAiXYceBI,Chatbots;Machine Learning,Freemium
"Whisper","Advanced speech recognition system for accurate audio transcription and translation","OpenAI's speech recognition system that can transcribe speech to text with high accuracy across multiple languages, handle noisy audio, and translate speech directly into English.",https://openai.com/research/whisper,https://www.youtube.com/watch?v=fZTO7R9fP0M,Speech Recognition;Audio Processing,Free
"Cohere","Enterprise-grade language AI platform for building applications with natural language capabilities","A platform that provides NLP models and APIs for businesses to enhance their applications with language understanding, generation, and search capabilities, with a focus on enterprise needs.",https://cohere.com/,https://www.youtube.com/watch?v=YwsJeIN5hqo,Machine Learning;Text Generation,Freemium
"Hugging Face","Collaborative platform for building, training and deploying state-of-the-art machine learning models","A community and platform that provides tools to build, train and deploy machine learning models, specializing in NLP. Known for its transformers library and model hub with thousands of pre-trained models.",https://huggingface.co/,https://www.youtube.com/watch?v=QEaBAZQCtwE,Machine Learning;Model Training,Freemium
"AutoGPT","Autonomous AI agent that can accomplish complex goals with minimal human intervention","An experimental open-source application that chains together LLM "thoughts" to autonomously achieve user-defined goals. It can access the internet, run code, and use memory to complete complex tasks.",https://github.com/Significant-Gravitas/AutoGPT,https://www.youtube.com/watch?v=2RpzXJPJjnA,Virtual Assistants;Text Generation,Free
"Inflection AI's Pi","Conversational AI companion designed for natural, empathetic interactions","A personal AI assistant focused on being kind, supportive, and helpful through natural conversation. Pi is designed to provide thoughtful responses while maintaining a more personal and empathetic interaction style.",https://pi.ai/,https://www.youtube.com/watch?v=qaGtG3_Y1Ic,Chatbots;Virtual Assistants,Free
"Meta AI","AI assistant integrated across Meta's family of apps and devices","Meta's AI assistant available across Facebook, Instagram, WhatsApp, and other Meta products. It provides information, answers questions, generates images, and assists with various tasks within the Meta ecosystem.",https://ai.meta.com/,https://www.youtube.com/watch?v=OFB_VLIL3ZQ,Chatbots;Virtual Assistants,Free
"Adobe Firefly","Creative generative AI for professional image and text effects creation","A family of creative generative AI models from Adobe that allows users to create images, text effects, and vectors using natural language prompts, specifically designed for commercial use with copyright protection.",https://firefly.adobe.com/,https://www.youtube.com/watch?v=rmsXKuqmJWA,Image Generation;Design,Freemium
"Replika","Personal AI companion that learns and evolves with you through conversation","An AI companion designed to form an emotional connection with users through conversation. It learns about the user over time, adapts to their personality, and provides a judgment-free space for discussion.",https://replika.com/,https://www.youtube.com/watch?v=HdBYz1RHS7g,Chatbots;Mental Health,Freemium
"Khanmigo","AI tutor and teaching assistant for personalized educational support","An AI educational assistant from Khan Academy that provides personalized tutoring for students and teaching support for educators. It offers hints, asks guiding questions, and provides feedback on student work.",https://www.khanacademy.org/khanmigo,https://www.youtube.com/watch?v=hJP5GqnTrNo,Education;Virtual Assistants,Paid
"LaMDA","Breakthrough conversation technology for natural language understanding and generation","Language Model for Dialogue Applications from Google, designed for natural conversation. It's trained on dialogue and can engage in free-flowing conversations about a virtually endless number of topics.",https://blog.google/technology/ai/lamda/,https://www.youtube.com/watch?v=aUgT3GxlNQw,Chatbots;Text Generation,Free
"LLaMA","Open and efficient foundation language models for research and commercial applications","Meta's collection of foundation language models ranging from 7B to 65B parameters. Designed to be more efficient than larger models while maintaining performance, it's available for research and commercial use.",https://llama.meta.com/,https://www.youtube.com/watch?v=K3STbVOI3f0,Machine Learning;Model Training,Free
"Multimodal GPT-4","Advanced AI system that can understand and process both text and images","OpenAI's most advanced system that accepts image and text inputs, allowing it to interpret visual content alongside text. It can analyze images, charts, and documents to provide comprehensive responses.",https://openai.com/gpt-4,https://www.youtube.com/watch?v=outcGtbnMuQ,Chatbots;Image Editing,Paid
"Grok AI","Real-time intelligence assistant with a rebellious personality","xAI's conversational AI with real-time knowledge access and a unique, witty personality. Designed to answer spicy questions other AI systems might reject, it provides responses with humor and irreverence.",https://grok.x.ai/,https://www.youtube.com/watch?v=KOSQzX0-1qg,Chatbots;Text Generation,Paid
"Poe","Platform for discovering and chatting with multiple AI assistants","Quora's AI platform that provides access to multiple AI models including Claude, GPT-4, and others. Users can switch between different AIs for various tasks, all within a single interface.",https://poe.com/,https://www.youtube.com/watch?v=4XtJFtFIoGw,Chatbots;Virtual Assistants,Freemium
"Phind","AI search assistant specialized for developers and technical problem-solving","An AI-powered search engine optimized for programmers and technical questions. It provides code examples, explains technical concepts, and helps debug issues with direct, contextual answers.",https://www.phind.com/,https://www.youtube.com/watch?v=TMfopgYuA38,Code Generation;Virtual Assistants,Freemium
"Caktus AI","Educational AI platform for students to enhance learning and productivity","An AI-powered educational assistant that helps students with writing, math, coding, and research. It provides explanations, helps refine ideas, and offers learning resources across various subjects.",https://www.caktus.ai/,https://www.youtube.com/watch?v=QzJUKAMBSvs,Education;Text Generation,Freemium
"Anthropic's Claude Teams","Enterprise AI assistant designed for safety, transparency, and team collaboration","A version of Claude AI optimized for business teams, offering enhanced security, admin controls, and collaborative features for enterprise environments while maintaining Claude's helpful and harmless approach.",https://www.anthropic.com/product,https://www.youtube.com/watch?v=o8tEy2fJ4-A,Chatbots;Project Management,Paid
"Einstein GPT","Generative AI for Salesforce CRM that enhances customer interactions and sales productivity","Salesforce's AI tool that integrates generative capabilities into CRM workflows. It generates emails, creates personalized content, summarizes conversations, and automates various sales and service tasks.",https://www.salesforce.com/products/einstein/overview/,https://www.youtube.com/watch?v=kH_krPljBRE,Customer Support;Sales Optimization,Paid
"Stable Diffusion","Open-source AI image generator for creating high-quality visuals from text descriptions","A latent text-to-image diffusion model capable of generating detailed images based on text descriptions. Open-source and able to run on consumer hardware, it has become a foundation for many creative applications.",https://stability.ai/stable-diffusion,https://www.youtube.com/watch?v=e2TJKfoQBB0,Image Generation;Design,Free
"Diffusion Bee","Stable Diffusion app for Mac that makes AI image generation accessible to everyone","A user-friendly macOS application that runs Stable Diffusion locally without requiring coding knowledge. It allows users to create AI-generated images on their Mac with a simple interface.",https://diffusionbee.com/,https://www.youtube.com/watch?v=mA6JmJPnn3w,Image Generation;Design,Free
"MidJourney Bot","Discord-based AI art generator for creating stunning, artistic images from text prompts","An AI image generation service accessed through Discord that creates artistic and detailed images from text descriptions. Known for its aesthetic quality and artistic style, it's popular among designers and artists.",https://www.midjourney.com/,https://www.youtube.com/watch?v=VYM9xgHG9Wo,Image Generation;Design,Paid
"D-ID","AI-powered platform for creating and animating talking avatars from static images","A creative AI platform that turns photos and text into talking avatars and videos. It allows users to generate personalized video content with virtual presenters speaking any script in multiple languages.",https://www.d-id.com/,https://www.youtube.com/watch?v=mTyxpJFbGPk,Video Generation;Image Editing,Freemium
"Codex","AI code generator that translates natural language to programming code","OpenAI's model that translates natural language to code. It powers GitHub Copilot and can interpret simple commands in English to generate corresponding code in various programming languages.",https://openai.com/blog/openai-codex,https://www.youtube.com/watch?v=Zm9B-DvwOgw,Code Generation,Paid
"Amazon Q","AI-powered assistant for AWS developers and business users","Amazon's generative AI assistant that helps developers build on AWS and assists business professionals with enterprise data questions, summarization, content generation, and task automation.",https://aws.amazon.com/q/,https://www.youtube.com/watch?v=JxcfdpE13Ys,Code Generation;Virtual Assistants,Paid
"Otter.ai","AI meeting assistant that records, transcribes, and summarizes conversations in real-time","An AI voice meeting assistant that records, transcribes, and summarizes conversations and meetings in real-time. It offers searchable notes, highlights, and automated action items extraction.",https://otter.ai/,https://www.youtube.com/watch?v=VJcBO0hWeJ8,Speech Recognition;Summarization,Freemium
"Writesonic","AI content creation platform for marketing copy, blogs, and advertising material","An AI writing assistant that generates high-quality marketing copy, blog articles, ads, and product descriptions. It offers templates for various content types and supports multiple languages.",https://writesonic.com/,https://www.youtube.com/watch?v=ALcsUDH4V9g,Copywriting;Marketing,Freemium
"StockGPT","AI-powered tool for searching and analyzing financial earnings call transcripts","A specialized search engine for earnings call transcripts that uses AI to help investors and analysts quickly find and understand key financial information from company earnings calls.",https://www.stockgpt.ai/,https://www.youtube.com/watch?v=Q2xV2AjgT-4,Finance;Data Analysis,Free
"Rytr","Affordable AI writing assistant for quick, high-quality content creation","An AI writing assistant that helps create content for blogs, emails, ads, and social media. It offers various tones, languages, and use cases with a focus on affordability and ease of use.",https://rytr.me/,https://www.youtube.com/watch?v=SdXpTU0k9f0,Copywriting;Text Generation,Freemium
"Kaiber","AI-powered creative studio for transforming ideas into stunning videos and visual stories","A creative AI platform for generating videos from images and prompts. It transforms static visuals into dynamic, animated content with various styles and effects for creative storytelling.",https://kaiber.ai/,https://www.youtube.com/watch?v=2qUbCzQlJbU,Video Generation;Design,Paid
"Beautiful.ai","AI-powered presentation software that designs slides automatically as you add content","An intelligent presentation platform that automatically designs slides as content is added. It uses AI to apply design principles, ensuring professional, balanced slides without manual formatting.",https://www.beautiful.ai/,https://www.youtube.com/watch?v=_3qG1Wie_Xs,Design;Visualization,Freemium
"Microsoft Copilot","AI assistant integrated across Microsoft 365 apps for enhanced productivity and creativity","Microsoft's AI companion that works across Windows and Microsoft 365 apps, helping users create content, summarize documents, analyze data, and automate tasks with natural language commands.",https://www.microsoft.com/en-us/microsoft-copilot,https://www.youtube.com/watch?v=S7xTBa93TX8,Virtual Assistants;Text Generation,Freemium
"Neeva AI","AI-powered search engine that provides direct answers with clear sources","A search engine powered by AI that delivers concise answers to queries with source attribution. It focuses on providing direct information without ads while citing the original content sources.",https://neeva.com/,https://www.youtube.com/watch?v=iyUHF70AJXs,Search;Summarization,Free
"Aqara AI","Smart home AI assistant for intuitive device control and automation","An AI assistant for Aqara smart home ecosystems that enables natural language control of connected devices, creates automated routines, and provides insights for energy management and home security.",https://www.aqara.com/,https://www.youtube.com/watch?v=_F1lup-PcP4,IoT;Virtual Assistants,Free
"Nova AI","AI-powered photo enhancement tool that transforms everyday photos into professional-quality images","An image enhancement AI that improves photo quality, fixes lighting issues, removes distractions, and enhances details in photos. It uses advanced algorithms to transform amateur snapshots into polished images.",https://nova-ai.com/,https://www.youtube.com/watch?v=crcYHxjYXfI,Image Editing;Design,Paid
"Lindy","AI reading companion that summarizes and explains articles and documents","An AI reading assistant that summarizes web articles, PDFs, and academic papers. It extracts key points, explains complex concepts, and helps users quickly understand and retain information from any text.",https://www.lindy.ai/,https://www.youtube.com/watch?v=Q5_qYZzJ6yQ,Summarization;Education,Freemium
"Sora","Text-to-video AI system that creates realistic and imaginative scenes from text descriptions","OpenAI's text-to-video model that generates high-quality, realistic videos up to 60 seconds long from text prompts. It can create complex scenes with multiple characters, specific movements, and detailed backgrounds.",https://openai.com/sora,https://www.youtube.com/watch?v=HK6y8DAPN_0,Video Generation;Design,Paid
"Gamma","AI-powered presentation and communication platform for creating engaging visual content","An AI design tool that transforms text and data into beautiful presentations, documents, and web pages. It handles design automatically, allowing users to focus on content rather than formatting.",https://gamma.app/,https://www.youtube.com/watch?v=WX_vN1QNKBo,Design;Visualization,Freemium
"CoPilot Studio","Microsoft's low-code platform for building and deploying custom AI copilots","A low-code platform for creating custom AI assistants in Microsoft environments. It allows businesses to build specialized copilots that access company data and help employees and customers with specific tasks.",https://www.microsoft.com/en-us/microsoft-copilot/microsoft-copilot-studio,https://www.youtube.com/watch?v=Y-qGKBMY3-A,Virtual Assistants;Customer Support,Paid
"Microsoft Designer","AI-powered design platform that turns ideas into professional visuals in seconds","A graphic design app that uses AI to generate professional visuals from text prompts. It creates social media posts, presentations, digital postcards, and more with DALL-E integration for custom images.",https://designer.microsoft.com/,https://www.youtube.com/watch?v=p8-lDQK_L14,Design;Image Generation,Freemium
"DALL-E 3","Advanced AI image generation system that creates detailed visuals from text descriptions","OpenAI's latest text-to-image model that generates highly detailed and accurate images based on text prompts. It better understands context, nuance, and specific instructions for more precise visual creation.",https://openai.com/dall-e-3,https://www.youtube.com/watch?v=d8Padh6J9Yg,Image Generation;Design,Paid
"Kala","AI-powered tool for turning sketches into polished designs and prototypes","A design tool that transforms rough sketches into refined UI designs and functional prototypes. It uses AI to convert hand-drawn wireframes into clean, professional interface elements and layouts.",https://www.kala.ai/,https://www.youtube.com/watch?v=M9jKBaUJSZc,Design;Image Editing,Freemium
"Waldo","No-code mobile app testing platform powered by AI for faster test cycles","An AI-powered testing platform for mobile applications that automates the creation and execution of tests without requiring coding. It helps developers identify and fix bugs faster through visual testing.",https://www.waldo.io/,https://www.youtube.com/watch?v=PV8Y7fgCdZw,Code Generation,Paid
"Bloop","AI-powered code search engine that understands the semantics of your codebase","A semantic code search tool that understands code structure and functionality beyond keyword matching. It allows developers to search their codebase using natural language queries and understand complex code quickly.",https://bloop.ai/,https://www.youtube.com/watch?v=H8qZnO0l4Tw,Code Generation,Freemium
"Ideogram","Text-to-image AI that excels at typography and text rendering in generated images","An AI image generator specializing in accurate text rendering within images. It creates visuals with readable, coherent text in various styles, making it ideal for creating mockups, posters, and graphics with text elements.",https://ideogram.ai/,https://www.youtube.com/watch?v=Q23LmJrYtPY,Image Generation;Design,Freemium
"Pika Labs","AI video creation platform for turning text and images into high-quality animated content","A creative AI platform for generating and editing videos from text prompts or still images. It allows users to create animations, special effects, and style transfers for unique video content creation.",https://pika.art/,https://www.youtube.com/watch?v=B2P_AnuWNgw,Video Generation;Design,Freemium
"Playground AI","Free-to-use online AI image creator with advanced editing capabilities","A free platform for creating and editing images using AI. It offers various models and styles for image generation, along with editing tools to refine and customize the output for different creative needs.",https://playgroundai.com/,https://www.youtube.com/watch?v=3eaeQiiHM80,Image Generation;Design,Freemium
"Harvey AI","Legal AI assistant that empowers attorneys with research and document analysis","An AI assistant specialized for legal professionals that helps with legal research, document review, contract analysis, and drafting. It understands legal terminology and can provide case-specific insights.",https://www.harvey.ai/,https://www.youtube.com/watch?v=QRytYBZmkyg,Legal;Text Generation,Paid
"IBM Watson","Enterprise AI platform for building and deploying advanced business applications","IBM's suite of enterprise-ready AI services and applications that help organizations automate processes, predict outcomes, and optimize resources across various industries and use cases.",https://www.ibm.com/watson,https://www.youtube.com/watch?v=_Xcmh1LQB9I,Data Analysis;Machine Learning,Paid